<step title="BackgroundTrace" date="2024-11-18T02:43:39.665" instance="5576ac" url="/api/zipdeploy" method="POST" >
  <step title="Creating temporary deployment - FetchDeploymentManager" date="2024-11-18T02:43:39.696" /><!-- duration: 2ms -->
  <step title="Creating temporary deployment" date="2024-11-18T02:43:39.700" /><!-- duration: 35ms -->
  <step title="Before sending BuildRequestReceived status to /api/updatedeploystatus" date="2024-11-18T02:43:39.736" /><!-- duration: 1ms -->
  <step title="Performing fetch based deployment" date="2024-11-18T02:43:39.779" >
    <step title="Cleaning up temp folders from previous zip deployments and extracting pushed zip file /tmp/zipdeploy/2c993127-2c88-4831-a68c-9a38d9be3387.zip (0.02 MB) to /tmp/zipdeploy/extracted" date="2024-11-18T02:43:40.861" >
      <step title="ChmodRecursive Process exited with total time taken in ms: 31" date="2024-11-18T02:43:40.913" /><!-- duration: 2ms -->
    </step><!-- duration: 55ms -->
    <step title="Deployment timer started" date="2024-11-18T02:43:42.921" >
      <step title="DeploymentManager.Deploy(id:206f268b-222d-4d9f-ac42-d5c02b25470d)" date="2024-11-18T02:43:42.925" >
        <step title="Collecting changeset information" date="2024-11-18T02:43:42.932" /><!-- duration: 42ms -->
        <step title="Updating submodules" date="2024-11-18T02:43:42.977" /><!-- duration: 1106ms -->
        <step title="Determining deployment builder" date="2024-11-18T02:43:44.200" >
          <step title="Builder is OryxBuilder" date="2024-11-18T02:43:44.204" /><!-- duration: 1ms -->
        </step><!-- duration: 7ms -->
        <step title="PreDeployment: context.CleanOutputPath False" date="2024-11-18T02:43:44.225" >
          <step title="PreDeployment: context.OutputPath /home/site/wwwroot" date="2024-11-18T02:43:44.279" >
            <step title="Building" date="2024-11-18T02:43:44.369" >
              <step title="Executing external process" date="2024-11-18T02:43:44.520" type="process" path="bash" arguments="-c &quot;oryx build /tmp/zipdeploy/extracted -o /home/site/wwwroot --platform nodejs --platform-version 20 -p virtualenv_name= --log-file /tmp/build-debug.log  -i /tmp/8dd077ad1b38b90 -p compress_node_modules=tar-gz | tee /tmp/oryx-build.log ; exit $PIPESTATUS &quot;" /><!-- duration: 21009ms -->
              <step title="Using GenericDeploymentLogParser" date="2024-11-18T02:44:05.731" /><!-- duration: 2ms -->
              <step title="Triggering recycle (preview mode disabled)." date="2024-11-18T02:44:06.257" /><!-- duration: 1ms -->
              <step title="Modified file to trigger a restart of the app container." date="2024-11-18T02:44:06.283" /><!-- duration: 1ms -->
              <step title="Skip function trigger and logicapp sync because function is not enabled." date="2024-11-18T02:44:06.289" /><!-- duration: 1ms -->
            </step><!-- duration: 22332ms -->
          </step><!-- duration: 22426ms -->
          <step title="Cleaning up temp files" date="2024-11-18T02:44:06.706" /><!-- duration: 79ms -->
          <step title="Cleaning up temp files" date="2024-11-18T02:44:06.787" /><!-- duration: 505ms -->
          <step title="Reloading status file with latest updates" date="2024-11-18T02:44:07.321" >
            <step title="WebHooksManager.PublishEventAsync: PostDeployment" date="2024-11-18T02:44:07.323" /><!-- duration: 30ms -->
          </step><!-- duration: 34ms -->
          <step title="Cleaning up temporary deployment - fetch deployment was successful" date="2024-11-18T02:44:07.358" /><!-- duration: 1ms -->
        </step><!-- duration: 23178ms -->
      </step><!-- duration: 24493ms -->
