<step title="Incoming Request" date="2024-11-18T02:43:39.429" instance="5576ac" url="/api/zipdeploy?isAsync=true" method="POST" type="request" pid="87,1,14" Accept="*/*" Host="protegesite-eqb6c7fpdhgvgse3.scm.eastus2-01.azurewebsites.net" User-Agent="AZURECLI/2.66.0 (MSI)" Accept-Encoding="gzip, deflate" Authorization="Bea..." Cache-Control="no-cache" Content-Type="application/octet-stream" Content-Length="22425" x-ms-client-request-id="a1308625-a556-11ef-aa61-74563cf22aa2" x-ms-artifact-checksum="71de20ca09e14ac4fca3d2655100f79d41204fd44b4a418058d227287ebf8180" X-ARR-LOG-ID="a1308625-a556-11ef-aa61-74563cf22aa2" CLIENT-IP="187.38.62.94:21229" X-Client-IP="187.38.62.94" X-SITE-DEPLOYMENT-ID="protegeSite" WAS-DEFAULT-HOSTNAME="protegesite-eqb6c7fpdhgvgse3.scm.eastus2-01.azurewebsites.net" X-Forwarded-Proto="https" X-AppService-Proto="https" X-Forwarded-TlsVersion="1.3" X-MS-CLIENT-DISPLAY-NAME="Nicolly da Silva Soares" X-WAWS-Unencoded-URL="/api/zipdeploy?isAsync=true" X-Client-Port="21229" >
  <step title="ZipPushDeploy" date="2024-11-18T02:43:39.595" >
    <step title="ZipDeploy. Extract zip. Remote build." date="2024-11-18T02:43:39.600" /><!-- duration: 1ms -->
    <step title="None repository commit" date="2024-11-18T02:43:39.606" >
      <step title="Commit id: 206f268b-222d-4d9f-ac42-d5c02b25470d" date="2024-11-18T02:43:39.607" Message="N/A" AuthorName="N/A" AuthorEmail="N/A" /><!-- duration: 1ms -->
    </step><!-- duration: 4ms -->
    <step title="Starting PushDeployAsync" date="2024-11-18T02:43:39.619" /><!-- duration: 1ms -->
    <step title="Writing artifact to /tmp/zipdeploy/2c993127-2c88-4831-a68c-9a38d9be3387.zip" date="2024-11-18T02:43:39.632" >
      <step title="Writing request body to artifacts at /tmp/zipdeploy/2c993127-2c88-4831-a68c-9a38d9be3387.zip" date="2024-11-18T02:43:39.636" /><!-- duration: 3ms -->
    </step><!-- duration: 25ms -->
    <step title="Start deployment in the background" date="2024-11-18T02:43:39.663" >
      <step title="Acquiring Deployment Lock" date="2024-11-18T02:43:39.670" /><!-- duration: 2ms -->
      <step title="Acquired Deployment Lock" date="2024-11-18T02:43:39.691" /><!-- duration: 2ms -->
    </step><!-- duration: 78ms -->
  </step><!-- duration: 149ms -->
  <step title="Outgoing response" date="2024-11-18T02:43:39.752" type="response" statusCode="202" statusText="Accepted" /><!-- duration: 1ms -->
</step><!-- duration: 327ms -->
