<step title="Incoming Request" date="2024-11-18T02:43:45.111" instance="5576ac" url="/api/deployments/latest" method="GET" type="request" pid="87,1,17" Accept="*/*" Host="protegesite-eqb6c7fpdhgvgse3.scm.eastus2-01.azurewebsites.net" User-Agent="AZURECLI/2.66.0 (MSI)" Accept-Encoding="gzip, deflate" Authorization="Bea..." x-ms-client-request-id="a1308625-a556-11ef-aa61-74563cf22aa2" X-ARR-LOG-ID="a1308625-a556-11ef-aa61-74563cf22aa2" CLIENT-IP="187.38.62.94:21361" X-Client-IP="187.38.62.94" X-SITE-DEPLOYMENT-ID="protegeSite" WAS-DEFAULT-HOSTNAME="protegesite-eqb6c7fpdhgvgse3.scm.eastus2-01.azurewebsites.net" X-Forwarded-Proto="https" X-AppService-Proto="https" X-Forwarded-TlsVersion="1.3" X-MS-CLIENT-DISPLAY-NAME="Nicolly da Silva Soares" X-WAWS-Unencoded-URL="/api/deployments/latest" X-Client-Port="21361" >
  <step title="Cleanup Xml Logs" date="2024-11-18T02:43:45.119" /><!-- duration: 3ms -->
  <step title="DeploymentService.GetResult" date="2024-11-18T02:43:45.155" >
    <step title="DeploymentService.GetLatestDeployment" date="2024-11-18T02:43:45.157" >
      <step title="DeploymentManager.GetResults" date="2024-11-18T02:43:45.159" /><!-- duration: 189ms -->
      <step title="Deployment 206f268b-222d-4d9f-ac42-d5c02b25470d is Building" date="2024-11-18T02:43:45.350" /><!-- duration: 2ms -->
    </step><!-- duration: 196ms -->
  </step><!-- duration: 205ms -->
  <step title="Outgoing response" date="2024-11-18T02:43:45.387" type="response" statusCode="202" statusText="Accepted" /><!-- duration: 2ms -->
</step><!-- duration: 281ms -->
