﻿<?xml version="1.0" encoding="utf-8"?>
<deployment>
  <id>206f268b-222d-4d9f-ac42-d5c02b25470d</id>
  <author>N/A</author>
  <deployer>Push-Deployer</deployer>
  <authorEmail>N/A</authorEmail>
  <message>Created via a push deployment</message>
  <progress></progress>
  <status>Success</status>
  <statusText></statusText>
  <lastSuccessEndTime>2024-11-18T02:44:06.5865566Z</lastSuccessEndTime>
  <receivedTime>2024-11-18T02:43:42.9454598Z</receivedTime>
  <startTime>2024-11-18T02:43:44.1701799Z</startTime>
  <endTime>2024-11-18T02:44:06.5865566Z</endTime>
  <complete>True</complete>
  <is_temp>False</is_temp>
  <is_readonly>True</is_readonly>
  <buildSummary />
</deployment>